SeqID,raw_pH,class_pH
A0A1Y1QC88,[-1.7247504  1.018168  -1.3749962],5-9
A0A2P5KBM8,[-1.8168455  1.6958214 -2.3342502],5-9
A0A2N7WE34,[-0.56165427  0.4992876  -1.2226328 ],5-9
