SeqID,raw_salt,class_salt
A0A1Y1QC88,[-0.5704746  0.3529541 -0.9466468],0.05-4%
A0A2P5KBM8,[-0.72703105  0.6887265  -1.409845  ],0.05-4%
A0A2N7WE34,[-0.81834584  0.13349937 -0.33814707],0.05-4%
