SeqID,temperature
A0A1Y1QC88,24.425718
A0A2P5KBM8,24.689539
